{"stats":{"minecraft:picked_up":{"minecraft:spruce_log":1,"minecraft:gravel":1},"minecraft:used":{"minecraft:spruce_log":1,"minecraft:gravel":1},"minecraft:custom":{"minecraft:jump":90,"minecraft:time_since_rest":3238,"minecraft:leave_game":1,"minecraft:walk_on_water_one_cm":430,"minecraft:damage_dealt":90,"minecraft:crouch_one_cm":429,"minecraft:damage_taken":70,"minecraft:sprint_one_cm":10147,"minecraft:play_time":3238,"minecraft:time_since_death":3238,"minecraft:walk_one_cm":2925,"minecraft:sneak_time":184,"minecraft:total_world_time":3238,"minecraft:walk_under_water_one_cm":194,"minecraft:swim_one_cm":1807,"minecraft:fall_one_cm":3588,"minecraft:fly_one_cm":22359},"minecraft:mined":{"minecraft:spruce_log":1,"minecraft:powder_snow":5,"minecraft:gravel":1}},"DataVersion":3953}