{"stats":{"minecraft:dropped":{"minecraft:rotten_flesh":1,"minecraft:dirt":10,"minecraft:wheat_seeds":1},"minecraft:killed_by":{"minecraft:skeleton":1,"minecraft:drowned":1},"minecraft:picked_up":{"minecraft:rotten_flesh":1,"minecraft:copper_ingot":1,"minecraft:wheat_seeds":11,"minecraft:sand":4,"minecraft:oak_log":6,"minecraft:oak_sapling":1,"minecraft:dirt":47},"minecraft:killed":{"minecraft:drowned":1},"minecraft:mined":{"minecraft:short_grass":37,"minecraft:oak_log":3,"minecraft:grass_block":5,"minecraft:dirt":2,"minecraft:tall_grass":2,"minecraft:oak_leaves":8},"minecraft:custom":{"minecraft:time_since_rest":2918,"minecraft:crouch_one_cm":8679,"minecraft:sprint_one_cm":32893,"minecraft:play_time":15269,"minecraft:walk_one_cm":26602,"minecraft:damage_taken":1083,"minecraft:deaths":3,"minecraft:sneak_time":2450,"minecraft:walk_under_water_one_cm":1340,"minecraft:mob_kills":1,"minecraft:drop":3,"minecraft:jump":338,"minecraft:damage_dealt":642,"minecraft:leave_game":4,"minecraft:time_since_death":2887,"minecraft:walk_on_water_one_cm":6613,"minecraft:total_world_time":15269,"minecraft:swim_one_cm":14025,"minecraft:fall_one_cm":11994,"minecraft:fly_one_cm":178256},"minecraft:used":{"minecraft:oak_log":3,"minecraft:dirt":30,"minecraft:sand":4,"minecraft:oak_sapling":1}},"DataVersion":3955}