{"stats":{"minecraft:killed_by":{"minecraft:zombie":1},"minecraft:custom":{"minecraft:jump":64,"minecraft:time_since_rest":11585,"minecraft:damage_taken":385,"minecraft:walk_one_cm":5552,"minecraft:damage_dealt":64,"minecraft:crouch_one_cm":544,"minecraft:leave_game":3,"minecraft:sprint_one_cm":12989,"minecraft:play_time":15903,"minecraft:time_since_death":11549,"minecraft:walk_on_water_one_cm":1068,"minecraft:deaths":3,"minecraft:sneak_time":286,"minecraft:total_world_time":15903,"minecraft:walk_under_water_one_cm":319,"minecraft:fall_one_cm":2913,"minecraft:fly_one_cm":134700}},"DataVersion":3953}