{"stats":{"minecraft:killed":{"minecraft:pig":10,"minecraft:bogged":1,"minecraft:salmon":2,"minecraft:sheep":1,"minecraft:skeleton":2,"minecraft:zombie":5,"minecraft:drowned":1,"minecraft:cow":4},"minecraft:picked_up":{"minecraft:crafting_table":5,"minecraft:andesite":14,"minecraft:salmon":2,"minecraft:leather":4,"minecraft:tuff":1,"minecraft:oak_log":15,"minecraft:dirt":107,"minecraft:lapis_lazuli":48,"minecraft:blue_bed":1,"minecraft:bone":3,"minecraft:wheat_seeds":13,"minecraft:cobbled_deepslate":5,"minecraft:beef":5,"minecraft:furnace":3,"minecraft:tipped_arrow":1,"minecraft:stick":1,"minecraft:raw_iron":47,"minecraft:copper_ingot":1,"minecraft:torch":2,"minecraft:porkchop":20,"minecraft:sand":4,"minecraft:diorite":12,"minecraft:arrow":2,"minecraft:rotten_flesh":3,"minecraft:oak_sapling":1,"minecraft:mutton":2,"minecraft:coal":79,"minecraft:white_wool":9,"minecraft:cobblestone":79},"minecraft:mined":{"minecraft:tuff":1,"minecraft:crafting_table":5,"minecraft:torch":1,"minecraft:short_grass":39,"minecraft:grass_block":13,"minecraft:tall_grass":2,"minecraft:cobblestone":1,"minecraft:diorite":12,"minecraft:blue_bed":1,"minecraft:wall_torch":1,"minecraft:furnace":3,"minecraft:iron_ore":30,"minecraft:andesite":14,"minecraft:deepslate_lapis_ore":8,"minecraft:coal_ore":52,"minecraft:oak_log":12,"minecraft:deepslate_iron_ore":17,"minecraft:dirt":20,"minecraft:stone":78,"minecraft:oak_leaves":8,"minecraft:deepslate":5},"minecraft:custom":{"minecraft:interact_with_furnace":39,"minecraft:mob_kills":26,"minecraft:interact_with_crafting_table":20,"minecraft:leave_game":7,"minecraft:time_since_death":56426,"minecraft:climb_one_cm":841,"minecraft:time_since_rest":56460,"minecraft:sprint_one_cm":129285,"minecraft:damage_taken":1831,"minecraft:walk_one_cm":99792,"minecraft:drop":8,"minecraft:damage_dealt":3795,"minecraft:swim_one_cm":45652,"minecraft:fly_one_cm":332945,"minecraft:crouch_one_cm":31700,"minecraft:play_time":73607,"minecraft:sneak_time":10639,"minecraft:deaths":4,"minecraft:walk_under_water_one_cm":11776,"minecraft:jump":1283,"minecraft:walk_on_water_one_cm":18288,"minecraft:total_world_time":73607,"minecraft:fall_one_cm":43384},"minecraft:dropped":{"minecraft:wheat_seeds":3,"minecraft:rotten_flesh":3,"minecraft:stick":1,"minecraft:dirt":10},"minecraft:used":{"minecraft:cooked_mutton":2,"minecraft:stone_pickaxe":123,"minecraft:wooden_pickaxe":31,"minecraft:iron_sword":46,"minecraft:cooked_salmon":2,"minecraft:blue_bed":1,"minecraft:torch":3,"minecraft:dirt":70,"minecraft:sand":4,"minecraft:crafting_table":5,"minecraft:tuff":1,"minecraft:oak_log":3,"minecraft:iron_axe":8,"minecraft:iron_pickaxe":95,"minecraft:cobblestone":6,"minecraft:furnace":3,"minecraft:oak_sapling":1,"minecraft:cooked_porkchop":2,"minecraft:porkchop":1,"minecraft:cooked_beef":2,"minecraft:cobbled_deepslate":5},"minecraft:killed_by":{"minecraft:skeleton":1,"minecraft:spider":1,"minecraft:drowned":1},"minecraft:crafted":{"minecraft:cooked_beef":5,"minecraft:oak_planks":36,"minecraft:cooked_porkchop":19,"minecraft:crafting_table":1,"minecraft:wooden_pickaxe":1,"minecraft:iron_helmet":1,"minecraft:iron_sword":1,"minecraft:furnace":1,"minecraft:blue_bed":1,"minecraft:cooked_salmon":2,"minecraft:cooked_mutton":2,"minecraft:air":0,"minecraft:blue_dye":1,"minecraft:iron_boots":1,"minecraft:iron_chestplate":1,"minecraft:iron_axe":1,"minecraft:stick":16,"minecraft:iron_ingot":47,"minecraft:iron_pickaxe":1,"minecraft:stone_pickaxe":1,"minecraft:iron_leggings":1,"minecraft:white_bed":1,"minecraft:torch":4,"minecraft:shears":1},"minecraft:broken":{"minecraft:stone_pickaxe":1}},"DataVersion":3955}