{"stats":{"minecraft:killed_by":{"minecraft:drowned":1},"minecraft:picked_up":{"minecraft:wheat_seeds":5,"minecraft:sand":4,"minecraft:oak_log":3,"minecraft:oak_sapling":1,"minecraft:dirt":18},"minecraft:mined":{"minecraft:short_grass":29,"minecraft:oak_log":3,"minecraft:grass_block":5,"minecraft:dirt":2,"minecraft:tall_grass":2,"minecraft:oak_leaves":7},"minecraft:custom":{"minecraft:time_since_rest":63,"minecraft:crouch_one_cm":2182,"minecraft:sprint_one_cm":20425,"minecraft:play_time":7943,"minecraft:walk_one_cm":15331,"minecraft:damage_taken":708,"minecraft:deaths":2,"minecraft:sneak_time":544,"minecraft:walk_under_water_one_cm":479,"minecraft:jump":169,"minecraft:damage_dealt":161,"minecraft:leave_game":3,"minecraft:time_since_death":32,"minecraft:walk_on_water_one_cm":2916,"minecraft:total_world_time":7943,"minecraft:swim_one_cm":13191,"minecraft:fall_one_cm":7723,"minecraft:fly_one_cm":64291},"minecraft:used":{"minecraft:dirt":11,"minecraft:sand":4,"minecraft:oak_sapling":1}},"DataVersion":3955}