{"stats":{"minecraft:picked_up":{"minecraft:rotten_flesh":1,"minecraft:copper_ingot":1,"minecraft:wheat_seeds":11,"minecraft:sand":4,"minecraft:oak_log":9,"minecraft:oak_sapling":1,"minecraft:dirt":48},"minecraft:killed":{"minecraft:drowned":1},"minecraft:mined":{"minecraft:short_grass":38,"minecraft:grass_block":6,"minecraft:oak_log":6,"minecraft:dirt":2,"minecraft:tall_grass":2,"minecraft:oak_leaves":8},"minecraft:custom":{"minecraft:time_since_rest":6229,"minecraft:damage_taken":1213,"minecraft:crouch_one_cm":9377,"minecraft:sprint_one_cm":48009,"minecraft:play_time":23376,"minecraft:walk_one_cm":33828,"minecraft:deaths":4,"minecraft:sneak_time":2842,"minecraft:walk_under_water_one_cm":1738,"minecraft:mob_kills":1,"minecraft:drop":3,"minecraft:jump":479,"minecraft:damage_dealt":697,"minecraft:leave_game":5,"minecraft:walk_on_water_one_cm":7688,"minecraft:time_since_death":6195,"minecraft:total_world_time":23376,"minecraft:swim_one_cm":16805,"minecraft:fall_one_cm":17945,"minecraft:fly_one_cm":210640},"minecraft:used":{"minecraft:oak_log":3,"minecraft:dirt":31,"minecraft:sand":4,"minecraft:oak_sapling":1},"minecraft:dropped":{"minecraft:rotten_flesh":1,"minecraft:dirt":10,"minecraft:wheat_seeds":1},"minecraft:killed_by":{"minecraft:skeleton":1,"minecraft:spider":1,"minecraft:drowned":1}},"DataVersion":3955}