{"minecraft:recipes/decorations/crafting_table":{"criteria":{"unlock_right_away":"2024-10-05 09:41:40 +0000"},"done":true},"minecraft:adventure/adventuring_time":{"criteria":{"minecraft:sunflower_plains":"2024-10-05 09:42:46 +0000","minecraft:plains":"2024-10-05 09:41:41 +0000"},"done":false},"minecraft:recipes/transportation/mangrove_boat":{"criteria":{"in_water":"2024-10-05 09:42:51 +0000"},"done":true},"minecraft:recipes/transportation/acacia_boat":{"criteria":{"in_water":"2024-10-05 09:42:51 +0000"},"done":true},"minecraft:recipes/transportation/cherry_boat":{"criteria":{"in_water":"2024-10-05 09:42:51 +0000"},"done":true},"minecraft:recipes/transportation/bamboo_raft":{"criteria":{"in_water":"2024-10-05 09:42:51 +0000"},"done":true},"minecraft:recipes/transportation/spruce_boat":{"criteria":{"in_water":"2024-10-05 09:42:51 +0000"},"done":true},"minecraft:recipes/transportation/birch_boat":{"criteria":{"in_water":"2024-10-05 09:42:51 +0000"},"done":true},"minecraft:recipes/transportation/oak_boat":{"criteria":{"in_water":"2024-10-05 09:42:51 +0000"},"done":true},"minecraft:recipes/transportation/jungle_boat":{"criteria":{"in_water":"2024-10-05 09:42:51 +0000"},"done":true},"minecraft:recipes/transportation/dark_oak_boat":{"criteria":{"in_water":"2024-10-05 09:42:51 +0000"},"done":true},"DataVersion":3955}